sp500_ticker,ff12,business
AABA,Money,Altaba - holding company for Alibaba stake
BBBY,Shops,Bed Bath & Beyond - home goods retail
BCR,Hlth,C.R. Bard - medical devices
CA,BusEq,CA Technologies - software
COG,Enrgy,Cabot Oil & Gas - oil and gas production
DNB,Other,Dun & Bradstreet - credit reporting
EMC,BusEq,EMC - data storage hardware
EQR,Money,Equity Residential - REIT
ETFC,Money,E*Trade - brokerage
FB,BusEq,Facebook - internet services
FLIR,BusEq,FLIR Systems - thermal imaging instruments
GAS,Utils,AGL Resources - gas utility
LB,Shops,L Brands - apparel retail
MYL,Hlth,Mylan - pharmaceuticals
PARA,Telcm,Paramount - broadcasting and cable
PBCT,Money,People's United - bank
PX,Chems,Praxair - industrial gases
TSS,BusEq,TSYS - payment processing
WRK,Manuf,WestRock - paper packaging
